{
    "std": [
        "std",
        "reYIK",
        "module",
        1
    ],
    "VLSI_AND3": [
        "VLSI_AND3",
        "kW3Jz",
        "module",
        2
    ],
    "VLSI_AND4": [
        "VLSI_AND4",
        "LYa4d",
        "module",
        3
    ],
    "VLSI_OR2": [
        "VLSI_OR2",
        "QkbwB",
        "module",
        4
    ],
    "VLSI_OR3": [
        "VLSI_OR3",
        "qi7Z9",
        "module",
        5
    ],
    "VLSI_OR4": [
        "VLSI_OR4",
        "Tzui3",
        "module",
        6
    ],
    "VLSI_XOR4": [
        "VLSI_XOR4",
        "MFnbu",
        "module",
        7
    ],
    "VLSI_XNOR3": [
        "VLSI_XNOR3",
        "NckG5",
        "module",
        8
    ],
    "VLSI_XNOR4": [
        "VLSI_XNOR4",
        "KfVwk",
        "module",
        9
    ],
    "FA": [
        "FA",
        "VDQdt",
        "module",
        10
    ],
    "HA": [
        "HA",
        "wasrd",
        "module",
        11
    ],
    "Booth": [
        "Booth",
        "HS7Jz",
        "module",
        12
    ],
    "Booth_sel": [
        "Booth_sel",
        "jGZTu",
        "module",
        13
    ],
    "SUB_MUX": [
        "SUB_MUX",
        "DZHdn",
        "module",
        14
    ],
    "TESTBED": [
        "TESTBED",
        "TAUdR",
        "module",
        15
    ],
    "...MASTER...": [
        "SIM",
        "amcQw",
        "module",
        16
    ]
}